image_name,psnr_degraded,psnr_restored,ssim_degraded,ssim_restored
000002.npy,17.922,17.935,0.1921,0.1923
000008.npy,32.409,32.417,0.9276,0.9277
000013.npy,23.78,23.792,0.3479,0.3483
000026.npy,24.705,24.716,0.7432,0.7433
000029.npy,16.718,16.736,0.3566,0.3569
000047.npy,17.326,17.344,0.4748,0.4752
000060.npy,15.688,15.705,0.2211,0.2214
000079.npy,29.176,29.182,0.6423,0.6426
000086.npy,20.796,20.812,0.6923,0.6925
000102.npy,32.096,32.106,0.7657,0.766
000108.npy,24.935,24.946,0.8573,0.8574
000122.npy,20.36,20.37,0.2532,0.2532
000128.npy,32.286,32.293,0.7489,0.7493
000130.npy,25.241,25.258,0.876,0.8762
000131.npy,17.637,17.655,0.576,0.5763
000177.npy,18.772,18.789,0.2807,0.281
000187.npy,25.069,25.077,0.5506,0.5508
000192.npy,18.216,18.235,0.1286,0.1288
000207.npy,16.306,16.322,0.4662,0.4665
000221.npy,33.661,33.66,0.9221,0.9222
000229.npy,16.252,16.27,0.5867,0.5871
000237.npy,17.136,17.153,0.381,0.3813
000240.npy,22.309,22.323,0.4535,0.4537
000241.npy,27.538,27.529,0.4152,0.4157
000248.npy,16.016,16.027,0.144,0.1441
000260.npy,22.261,22.273,0.572,0.5722
000262.npy,29.048,29.053,0.7064,0.7065
000271.npy,28.732,28.735,0.6178,0.618
000276.npy,17.615,17.618,0.0879,0.088
000283.npy,18.632,18.645,0.3219,0.3221
000284.npy,16.101,16.118,0.3951,0.3954
000290.npy,16.889,16.904,0.4594,0.4597
000292.npy,20.462,20.467,0.2164,0.2165
000308.npy,15.405,15.417,0.0949,0.095
000322.npy,21.834,21.845,0.4589,0.4591
000326.npy,20.281,20.283,0.2477,0.2477
000350.npy,16.526,16.537,0.2556,0.2557
000356.npy,18.006,18.022,0.3549,0.3551
000372.npy,15.635,15.652,0.0977,0.0978
000379.npy,19.184,19.195,0.4767,0.477
000382.npy,16.963,16.98,0.2443,0.2446
000383.npy,31.196,31.208,0.8857,0.8858
000386.npy,24.552,24.565,0.7726,0.7728
000396.npy,23.041,23.058,0.7161,0.7164
000397.npy,29.893,29.884,0.8304,0.8306
000401.npy,24.349,24.366,0.3987,0.3992
000403.npy,28.503,28.514,0.5274,0.528
000413.npy,23.317,23.335,0.8023,0.8026
000418.npy,17.939,17.953,0.1758,0.176
000419.npy,21.571,21.584,0.3374,0.3378
000435.npy,21.786,21.798,0.3149,0.3152
000447.npy,25.004,25.02,0.5426,0.543
000449.npy,23.673,23.686,0.472,0.4724
000456.npy,15.076,15.094,0.2357,0.236
000458.npy,17.923,17.936,0.3308,0.331
000469.npy,18.501,18.514,0.3958,0.3961
000495.npy,26.042,26.058,0.7644,0.7647
000511.npy,17.415,17.427,0.3423,0.3425
000515.npy,26.39,26.403,0.9102,0.9103
000525.npy,21.308,21.324,0.2472,0.2475
000541.npy,15.43,15.442,0.0541,0.0542
000566.npy,17.594,17.613,0.4439,0.4444
000571.npy,18.848,18.864,0.4412,0.4415
000574.npy,19.258,19.254,0.0889,0.0892
000585.npy,15.716,15.733,0.1768,0.177
000626.npy,16.921,16.938,0.8829,0.883
000636.npy,25.015,25.023,0.5783,0.5785
000647.npy,31.96,31.972,0.8969,0.897
000653.npy,22.801,22.813,0.5283,0.5285
000655.npy,23.811,23.821,0.5692,0.5694
000661.npy,25.03,25.042,0.3973,0.3977
000666.npy,17.533,17.525,0.0455,0.0454
000669.npy,15.625,15.642,0.1942,0.1945
000674.npy,22.53,22.545,0.6091,0.6093
000676.npy,18.588,18.599,0.4691,0.4692
000681.npy,21.581,21.592,0.4084,0.4085
000700.npy,16.512,16.519,0.1551,0.1553
000731.npy,20.063,20.079,0.3144,0.3147
000751.npy,23.647,23.66,0.7128,0.713
000779.npy,24.007,24.025,0.7456,0.7459
000784.npy,19.275,19.285,0.3107,0.3109
000787.npy,24.912,24.913,0.3584,0.3584
000814.npy,19.108,19.117,0.4662,0.4663
000823.npy,17.476,17.472,0.0691,0.0691
000858.npy,20.885,20.902,0.2394,0.2398
000864.npy,24.962,24.972,0.855,0.8552
000867.npy,14.557,14.576,0.2273,0.2276
000870.npy,19.282,19.3,0.4046,0.405
000875.npy,28.955,28.971,0.8345,0.8347
000877.npy,31.126,31.135,0.6186,0.6191
000881.npy,28.178,28.191,0.5909,0.5913
000895.npy,17.752,17.771,0.1971,0.1973
000898.npy,16.975,16.989,0.1556,0.1558
000899.npy,20.81,20.825,0.2283,0.2286
000902.npy,30.912,30.894,0.7737,0.7719
000914.npy,21.428,21.441,0.7184,0.7186
000920.npy,16.28,16.284,0.2276,0.2276
000933.npy,20.142,20.148,0.1914,0.1915
000937.npy,14.636,14.654,0.0735,0.0737
000938.npy,15.525,15.542,0.0619,0.062
000942.npy,33.341,33.342,0.7307,0.7311
000952.npy,16.801,16.82,0.2327,0.233
000953.npy,17.234,17.25,0.0942,0.0944
000968.npy,19.129,19.143,0.4997,0.5
000974.npy,24.023,24.029,0.4227,0.4228
000980.npy,18.486,18.497,0.4659,0.4661
000986.npy,29.343,29.302,0.6865,0.6867
000995.npy,20.419,20.434,0.1785,0.1788
001002.npy,20.039,20.057,0.3093,0.3097
001003.npy,15.041,15.059,0.1154,0.1156
001010.npy,16.598,16.607,0.1774,0.1777
001015.npy,24.981,24.959,0.4551,0.4556
001018.npy,19.54,19.554,0.2366,0.2368
001023.npy,26.08,26.09,0.6987,0.6989
001029.npy,15.432,15.449,0.0791,0.0792
001076.npy,15.477,15.496,0.3568,0.3572
001078.npy,22.93,22.941,0.6018,0.6021
001083.npy,18.085,18.096,0.0716,0.0718
001084.npy,19.391,19.397,0.1966,0.1966
001085.npy,27.377,27.371,0.5806,0.58
001086.npy,17.965,17.966,0.1404,0.1405
001092.npy,19.071,19.086,0.4773,0.4776
001093.npy,17.527,17.534,0.1025,0.1027
001096.npy,19.138,19.15,0.4052,0.4055
001105.npy,34.193,34.18,0.8635,0.8636
001126.npy,22.363,22.378,0.4635,0.4638
001138.npy,32.779,32.789,0.8387,0.8389
001139.npy,15.419,15.436,0.2359,0.2361
001140.npy,15.762,15.777,0.1539,0.1541
001185.npy,15.808,15.826,0.3014,0.3017
001200.npy,23.014,23.025,0.5631,0.5634
001202.npy,30.551,30.561,0.7787,0.779
001222.npy,15.77,15.785,0.227,0.2272
001259.npy,14.722,14.742,0.0329,0.033
001276.npy,29.253,29.263,0.8825,0.8826
001288.npy,21.329,21.329,0.1888,0.1888
001292.npy,29.937,29.947,0.8745,0.8746
001327.npy,17.424,17.434,0.3618,0.362
001328.npy,16.512,16.529,0.1065,0.1067
001353.npy,27.507,27.52,0.6249,0.6253
001378.npy,19.808,19.825,0.4328,0.4331
001384.npy,19.044,19.059,0.6418,0.642
001389.npy,23.609,23.625,0.3209,0.3214
001393.npy,15.526,15.544,0.1151,0.1154
001408.npy,22.325,22.325,0.203,0.203
001451.npy,25.037,25.05,0.3232,0.3238
001455.npy,19.074,19.089,0.1469,0.1471
001470.npy,17.669,17.68,0.295,0.2952
001481.npy,25.476,25.487,0.5649,0.5653
001482.npy,22.878,22.89,0.4392,0.4396
001486.npy,15.473,15.485,0.0709,0.0711
001494.npy,19.192,19.198,0.1207,0.1208
001516.npy,20.45,20.465,0.6036,0.6039
001529.npy,19.231,19.245,0.2052,0.2054
001531.npy,27.752,27.765,0.6182,0.6186
001550.npy,24.609,24.623,0.4448,0.4451
001552.npy,22.533,22.543,0.6321,0.6322
001554.npy,18.731,18.745,0.3161,0.3164
001556.npy,24.976,24.978,0.3778,0.3783
001563.npy,24.917,24.928,0.623,0.6232
001576.npy,29.847,29.857,0.7727,0.7729
001599.npy,18.783,18.79,0.2231,0.2234
001620.npy,24.612,24.624,0.4524,0.4527
001634.npy,15.342,15.358,0.1048,0.105
001635.npy,16.991,16.999,0.0688,0.069
001642.npy,29.849,29.855,0.7671,0.7673
001643.npy,24.447,24.456,0.3553,0.3556
001649.npy,17.748,17.761,0.1865,0.1867
001664.npy,24.929,24.945,0.8027,0.803
001667.npy,27.411,27.423,0.7784,0.7786
001683.npy,15.398,15.413,0.3052,0.3054
001718.npy,18.446,18.464,0.1724,0.1727
001728.npy,21.331,21.332,0.4135,0.4133
001729.npy,16.335,16.355,0.5912,0.5917
001731.npy,16.169,16.187,0.6025,0.6029
001733.npy,25.868,25.873,0.3923,0.3926
001734.npy,28.847,28.851,0.5512,0.5515
001754.npy,20.667,20.68,0.3693,0.3695
001765.npy,20.616,20.63,0.2825,0.2828
001780.npy,21.535,21.533,0.2337,0.234
001794.npy,17.353,17.369,0.3412,0.3414
001815.npy,17.334,17.352,0.4573,0.4577
001837.npy,15.224,15.238,0.2233,0.2234
001839.npy,28.747,28.757,0.7912,0.7914
001849.npy,20.917,20.934,0.2473,0.2477
001857.npy,22.098,22.114,0.2265,0.2269
001858.npy,16.57,16.582,0.1034,0.1035
001863.npy,24.016,24.031,0.3954,0.3959
001879.npy,25.661,25.672,0.3647,0.3652
001881.npy,20.25,20.266,0.5172,0.5176
001893.npy,20.622,20.638,0.4086,0.4089
001894.npy,23.307,23.322,0.459,0.4593
001912.npy,23.963,23.977,0.8829,0.883
001917.npy,15.594,15.608,0.2715,0.2717
001936.npy,20.705,20.719,0.2882,0.2886
001937.npy,15.539,15.557,0.1817,0.1819
001946.npy,18.962,18.976,0.3878,0.3881
001971.npy,30.963,30.973,0.7838,0.7841
001988.npy,16.275,16.277,0.0732,0.0733
001989.npy,16.273,16.287,0.0755,0.0757
001990.npy,15.145,15.161,0.063,0.0631
002001.npy,15.212,15.229,0.1067,0.1069
002021.npy,15.737,15.755,0.271,0.2713
002044.npy,26.181,26.196,0.595,0.5954
002050.npy,20.272,20.281,0.2011,0.2013
002069.npy,25.672,25.668,0.4095,0.4094
002079.npy,21.338,21.346,0.6956,0.6957
002087.npy,30.433,30.449,0.8417,0.842
002105.npy,21.835,21.846,0.2036,0.204
002119.npy,15.069,15.085,0.4488,0.4491
002161.npy,23.572,23.588,0.7335,0.7337
002167.npy,16.269,16.286,0.098,0.0982
002172.npy,20.305,20.32,0.4006,0.4009
002181.npy,20.758,20.775,0.4246,0.425
002187.npy,16.215,16.222,0.1038,0.1039
002196.npy,15.064,15.08,0.3416,0.3418
002199.npy,20.062,20.067,0.1985,0.1986
002207.npy,18.208,18.217,0.6551,0.6553
002208.npy,26.555,26.572,0.8648,0.865
002209.npy,22.929,22.945,0.7119,0.7122
002214.npy,16.306,16.313,0.0918,0.0919
002232.npy,18.682,18.698,0.1905,0.1908
002233.npy,19.773,19.782,0.2603,0.2607
002251.npy,16.688,16.705,0.3098,0.3101
002254.npy,30.64,30.644,0.8556,0.8558
002261.npy,18.629,18.645,0.1676,0.1679
002266.npy,20.426,20.434,0.3331,0.3333
002268.npy,16.202,16.216,0.3232,0.3235
002281.npy,26.695,26.705,0.8277,0.8278
002298.npy,15.004,15.02,0.1656,0.1658
002299.npy,29.422,29.437,0.7778,0.7781
002323.npy,25.8,25.813,0.703,0.7031
002338.npy,18.293,18.308,0.2044,0.2047
002360.npy,17.603,17.619,0.5966,0.5969
002364.npy,24.612,24.623,0.5268,0.527
002390.npy,27.922,27.93,0.7575,0.7578
002394.npy,15.655,15.671,0.5202,0.5205
002409.npy,24.087,24.1,0.7387,0.7389
002410.npy,18.465,18.48,0.5113,0.5116
002413.npy,18.612,18.623,0.1179,0.1182
002418.npy,20.767,20.782,0.4737,0.474
002440.npy,18.309,18.326,0.2127,0.2129
002442.npy,19.268,19.283,0.4222,0.4225
002453.npy,15.072,15.09,0.2936,0.2939
002465.npy,25.122,25.136,0.7273,0.7276
002472.npy,17.997,18.004,0.5824,0.5825
002484.npy,24.422,24.432,0.4075,0.4078
002494.npy,21.014,21.031,0.6672,0.6675
002495.npy,17.406,17.425,0.5051,0.5055
002533.npy,22.793,22.811,0.8756,0.8757
002561.npy,22.574,22.586,0.4402,0.4405
002570.npy,16.479,16.496,0.1743,0.1745
002574.npy,29.803,29.817,0.6163,0.6168
002584.npy,20.695,20.706,0.39,0.3902
002600.npy,14.893,14.909,0.1297,0.1298
002603.npy,15.774,15.782,0.1229,0.123
002617.npy,30.363,30.361,0.7268,0.7266
002619.npy,25.865,25.868,0.5398,0.5397
002621.npy,23.684,23.698,0.3698,0.3702
002625.npy,15.052,15.071,0.1891,0.1894
002633.npy,15.731,15.746,0.2614,0.2617
002646.npy,15.777,15.796,0.071,0.0711
002654.npy,21.602,21.616,0.6445,0.6448
002661.npy,26.441,26.456,0.4751,0.4755
002671.npy,16.582,16.596,0.3156,0.3159
002676.npy,17.209,17.227,0.1291,0.1294
002684.npy,18.198,18.215,0.3567,0.357
002699.npy,14.663,14.68,0.1738,0.174
002702.npy,17.737,17.75,0.1061,0.1062
002708.npy,33.554,33.544,0.8977,0.8978
002740.npy,16.194,16.207,0.1483,0.1485
002745.npy,22.938,22.951,0.4322,0.4325
002751.npy,18.594,18.6,0.3945,0.3946
002758.npy,14.816,14.836,0.2523,0.2527
002771.npy,27.264,27.283,0.7736,0.7739
002786.npy,27.964,27.979,0.8833,0.8834
002787.npy,28.293,28.305,0.8735,0.8736
002792.npy,19.15,19.165,0.195,0.1953
002799.npy,23.437,23.453,0.4269,0.4273
002804.npy,18.292,18.306,0.3233,0.3235
002818.npy,16.894,16.91,0.2564,0.2566
002825.npy,25.091,25.108,0.6844,0.6848
002859.npy,17.984,17.996,0.0713,0.0714
002872.npy,23.829,23.839,0.3572,0.3574
002874.npy,20.631,20.637,0.1612,0.1615
002885.npy,15.217,15.235,0.248,0.2483
002899.npy,15.657,15.676,0.3984,0.3988
002920.npy,28.966,28.978,0.9353,0.9353
002931.npy,20.503,20.522,0.5614,0.5617
002932.npy,23.347,23.362,0.5337,0.534
002940.npy,33.959,33.954,0.9071,0.9072
002943.npy,16.77,16.783,0.2326,0.2329
002947.npy,17.729,17.747,0.4808,0.4811
002952.npy,23.925,23.939,0.5279,0.5281
002954.npy,17.264,17.276,0.212,0.2122
002957.npy,18.886,18.901,0.3911,0.3914
002978.npy,21.697,21.7,0.4079,0.408
002986.npy,33.417,33.428,0.8977,0.8979
002988.npy,29.688,29.699,0.7175,0.7179
003016.npy,15.905,15.922,0.4922,0.4925
003019.npy,15.312,15.329,0.1185,0.1187
003033.npy,18.863,18.88,0.4469,0.4473
003037.npy,16.95,16.958,0.2952,0.2953
003051.npy,19.839,19.843,0.098,0.0982
003053.npy,26.803,26.816,0.6797,0.68
003059.npy,27.467,27.485,0.4289,0.4295
003083.npy,22.651,22.666,0.3973,0.3977
003108.npy,15.708,15.725,0.1453,0.1456
003127.npy,16.407,16.421,0.0748,0.075
003139.npy,16.371,16.384,0.3598,0.36
003142.npy,16.721,16.728,0.0618,0.0619
003151.npy,25.357,25.367,0.4882,0.4884
003158.npy,23.936,23.95,0.4915,0.4919
003159.npy,28.473,28.484,0.7271,0.7274
003168.npy,17.56,17.568,0.1849,0.185
003172.npy,16.33,16.342,0.0923,0.0925
003174.npy,20.827,20.844,0.2669,0.2672
003184.npy,18.658,18.668,0.6133,0.6134
003192.npy,26.625,26.633,0.4795,0.4798
003198.npy,16.226,16.232,0.2457,0.2458
